tweet_id,timestamp,text,rating_numerator,rating_denominator,name,dog_stage,retweet_count,favorite_count,jpg_url,breed
890240255349198849,2017-07-26 15:59:51,This is Cassie. She is a college pup. Studying international doggo communication and stick theory. 14/10 so elegant much sophisticate https://t.co/t1bfwz5S2A,14.0,10.0,Cassie,doggo,6397,28984,https://pbs.twimg.com/media/DFrEyVuW0AAO3t9.jpg,Pembroke
889665388333682689,2017-07-25 01:55:32,Here's a puppo that seems to be on the fence about something haha no but seriously someone help her. 13/10 https://t.co/BxvuXk0UCm,13.0,10.0,None,puppo,8754,43639,https://pbs.twimg.com/media/DFi579UWsAAatzw.jpg,Pembroke
889531135344209921,2017-07-24 17:02:04,This is Stuart. He's sporting his favorite fanny pack. Secretly filled with bones only. 13/10 puppared puppo #BarkWeek https://t.co/y70o6h3isq,13.0,10.0,Stuart,puppo,1971,13830,https://pbs.twimg.com/media/DFg_2PVW0AEHN3p.jpg,golden_retriever
886366144734445568,2017-07-15 23:25:31,This is Roscoe. Another pupper fallen victim to spontaneous tongue ejections. Get the BlepiPen immediate. 12/10 deep breaths Roscoe https://t.co/RGE08MIJox,12.0,10.0,Roscoe,pupper,2767,19215,https://pbs.twimg.com/media/DE0BTnQUwAApKEH.jpg,French_bulldog
884162670584377345,2017-07-09 21:29:42,Meet Yogi. He doesn't have any important dog meetings today he just enjoys looking his best at all times. 12/10 for dangerously dapper doggo https://t.co/YSI00BzTBZ,12.0,10.0,Yogi,doggo,2619,18578,https://pbs.twimg.com/media/DEUtQbzW0AUTv_o.jpg,German_shepherd
883360690899218434,2017-07-07 16:22:55,Meet Grizzwald. He may be the floofiest floofer I ever did see. Lost eyes saving a schoolbus from a volcano erpuption. 13/10 heroic as h*ck https://t.co/rf661IFEYP,13.0,10.0,Grizzwald,floofer,3222,20648,https://pbs.twimg.com/media/DEJT3FeXoAAtwUy.jpg,chow
882762694511734784,2017-07-06 00:46:41,This is Gus. He's quite the cheeky pupper. Already perfected the disinterested wink. 12/10 would let steal my girl https://t.co/D43I96SlVu,12.0,10.0,Gus,pupper,4274,25704,https://pbs.twimg.com/media/DEAz_HHXsAA-p_z.jpg,Labrador_retriever
881536004380872706,2017-07-02 15:32:16,"Here is a pupper approaching maximum borkdrive. Zooming at never before seen speeds. 14/10 paw-inspiring af 
(IG: puffie_the_chow) https://t.co/ghXBIIeQZF",14.0,10.0,None,pupper,14021,45033,https://pbs.twimg.com/ext_tw_video_thumb/881535971568889856/pu/img/9bawiZ--8FKywTkz.jpg,Samoyed
878776093423087618,2017-06-25 00:45:22,This is Snoopy. He's a proud #PrideMonthPuppo. Impeccable handwriting for not having thumbs. 13/10 would love back #PrideMonth https://t.co/lNZwgNO4gS,13.0,10.0,Snoopy,puppo,3604,17698,https://pbs.twimg.com/media/DDIKMXzW0AEibje.jpg,Italian_greyhound
876838120628539392,2017-06-19 16:24:33,This is Ginger. She's having a ruff Monday. Too many pupper things going on. H*ckin exhausting. 12/10 would snug passionately https://t.co/j211oCDRs6,12.0,10.0,Ginger,pupper,2929,18900,https://pbs.twimg.com/media/DCsnnZsVwAEfkyi.jpg,bloodhound
874296783580663808,2017-06-12 16:06:11,This is Jed. He may be the fanciest pupper in the game right now. Knows it too. 13/10 would sign modeling contract https://t.co/0YplNnSMEm,13.0,10.0,Jed,pupper,3642,23851,https://pbs.twimg.com/media/DCIgSR0XgAANEOY.jpg,cocker_spaniel
874012996292530176,2017-06-11 21:18:31,"This is Sebastian. He can't see all the colors of the rainbow, but he can see that this flag makes his human happy. 13/10 #PrideMonth puppo https://t.co/XBE0evJZ6V",13.0,10.0,Sebastian,puppo,9008,31245,https://pbs.twimg.com/media/DCEeLxjXsAAvNSM.jpg,Cardigan
873213775632977920,2017-06-09 16:22:42,"This is Sierra. She's one precious pupper. Absolute 12/10. Been in and out of ICU her whole life. Help Sierra below

https://t.co/Xp01EU3qyD https://t.co/V5lkvrGLdQ",12.0,10.0,Sierra,pupper,1397,6556,https://pbs.twimg.com/media/DB5HTBGXUAE0TiK.jpg,vizsla
872967104147763200,2017-06-09 00:02:31,Here's a very large dog. He has a date later. Politely asked this water person to check if his breath is bad. 12/10 good to go doggo https://t.co/EMYIdoblMR,12.0,10.0,None,doggo,4776,24948,https://pbs.twimg.com/media/DB1m871XUAAw5vZ.jpg,Labrador_retriever
871762521631449091,2017-06-05 16:15:56,This is Rover. As part of pupper protocol he had to at least attempt to eat the plant. Confirmed not tasty. Needs peanut butter. 12/10 https://t.co/AiVljI6QCg,12.0,10.0,Rover,pupper,3084,18544,https://pbs.twimg.com/media/DBkfY58XcAEdzZy.jpg,Labrador_retriever
871515927908634625,2017-06-04 23:56:03,This is Napolean. He's a Raggedy East Nicaraguan Zoom Zoom. Runs on one leg. Built for deception. No eyes. Good with kids. 12/10 great doggo https://t.co/PR7B7w1rUw,12.0,10.0,Napolean,doggo,3076,18527,https://pbs.twimg.com/media/DBg_HT9WAAEeIMM.jpg,komondor
869596645499047938,2017-05-30 16:49:31,This is Scout. He just graduated. Officially a doggo now. Have fun with taxes and losing sight of your ambitions. 12/10 would throw cap for https://t.co/DsA2hwXAJo,12.0,10.0,Scout,doggo,2771,14720,https://pbs.twimg.com/media/DBFtiYqWAAAsjj1.jpg,Chihuahua
867421006826221569,2017-05-24 16:44:18,This is Shikha. She just watched you drop a skittle on the ground and still eat it. Could not be less impressed. 12/10 superior puppo https://t.co/XZlZKd73go,12.0,10.0,Shikha,puppo,2228,14831,https://pbs.twimg.com/media/DAmyy8FXYAIH8Ty.jpg,Eskimo_dog
866450705531457537,2017-05-22 00:28:40,"This is Jamesy. He gives a kiss to every other pupper he sees on his walk. 13/10 such passion, much tender https://t.co/wk7TfysWHr",13.0,10.0,Jamesy,pupper,31655,112858,https://pbs.twimg.com/media/DAZAUfBXcAAG_Nn.jpg,French_bulldog
859607811541651456,2017-05-03 03:17:27,Sorry for the lack of posts today. I came home from school and had to spend quality time with my puppo. Her name is Zoey and she's 13/10 https://t.co/BArWupFAn0,13.0,10.0,None,puppo,1413,17428,https://pbs.twimg.com/media/C-3wvtxXcAUTuBE.jpg,golden_retriever
858843525470990336,2017-05-01 00:40:27,I have stumbled puppon a doggo painting party. They're looking to be the next Pupcasso or Puppollock. All 13/10 would put it on the fridge https://t.co/cUeDMlHJbq,13.0,10.0,None,doggo,3175,14622,https://pbs.twimg.com/media/C-s5oYZXkAAMHHq.jpg,golden_retriever
855851453814013952,2017-04-22 18:31:02,Here's a puppo participating in the #ScienceMarch. Cleverly disguising her own doggo agenda. 13/10 would keep the planet habitable for https://t.co/cMhq16isel,13.0,10.0,None,"doggo,puppo",16775,43307,https://pbs.twimg.com/media/C-CYWrvWAAU8AXH.jpg,flat-coated_retriever
854120357044912130,2017-04-17 23:52:16,Sometimes you guys remind me just how impactful a pupper can be. Cooper will be remembered as a good boy by so many. 14/10 rest easy friend https://t.co/oBL7LEJEzR,14.0,10.0,None,pupper,6940,30280,https://pbs.twimg.com/media/C9px7jyVwAAnmwN.jpg,black-and-tan_coonhound
854010172552949760,2017-04-17 16:34:26,"At first I thought this was a shy doggo, but it's actually a Rare Canadian Floofer Owl. Amateurs would confuse the two. 11/10 only send dogs https://t.co/TXdT3tmuYk",11.0,10.0,None,"doggo,floofer",2932,15396,https://pbs.twimg.com/media/C9oNt91WAAAFSLS.jpg,English_springer
850019790995546112,2017-04-06 16:18:05,Say hello to Boomer. He's a sandy pupper. Having a h*ckin blast. 12/10 would pet passionately https://t.co/ecb3LvExde,12.0,10.0,Boomer,pupper,4582,19499,https://pbs.twimg.com/media/C8vgfTsXgAA561h.jpg,Shetland_sheepdog
846514051647705089,2017-03-28 00:07:32,This is Barney. He's an elder doggo. Hitches a ride when he gets tired. Waves goodbye before he leaves. 13/10 please come back soon https://t.co/cFAasDXauK,13.0,10.0,Barney,doggo,10917,42810,https://pbs.twimg.com/media/C79sB4xXwAEvwKY.jpg,golden_retriever
845397057150107648,2017-03-24 22:08:59,"Say hello to Mimosa. She's an emotional support doggo who helps her owner with PTSD. 13/10, but she needs your help

https://t.co/L6mLzrd7Mx https://t.co/jMutBFdw5o",13.0,10.0,Mimosa,doggo,1691,7338,https://pbs.twimg.com/media/C7t0IzLWkAINoft.jpg,Dandie_Dinmont
845306882940190720,2017-03-24 16:10:40,This is Pickles. She's a silly pupper. Thinks she's a dish. 12/10 would dry https://t.co/7mPCF4ZwEk,12.0,10.0,Pickles,pupper,5095,22464,https://pbs.twimg.com/media/C7siH5DXkAACnDT.jpg,Irish_water_spaniel
837820167694528512,2017-03-04 00:21:08,"Here's a pupper before and after being asked ""who's a good girl?"" Unsure as h*ck. 12/10 hint hint it's you https://t.co/ORiK6jlgdH",12.0,10.0,None,pupper,7522,33045,https://pbs.twimg.com/media/C6CI_jbVAAA3-a1.jpg,golden_retriever
837110210464448512,2017-03-02 01:20:01,This is Clark. He passed pupper training today. Round of appaws for Clark. 13/10 https://t.co/7pUjwe8X6B,13.0,10.0,Clark,pupper,2265,15585,https://pbs.twimg.com/media/C54DS1kXQAEU5pS.jpg,Siberian_husky
833124694597443584,2017-02-19 01:23:00,This is Gidget. She's a spy pupper. Stealthy as h*ck. Must've slipped pup and got caught. 12/10 would forgive then pet https://t.co/zD97KYFaFa,12.0,10.0,Gidget,pupper,4669,19713,https://pbs.twimg.com/media/C4_ad1IUoAEspsk.jpg,Cardigan
832998151111966721,2017-02-18 17:00:10,"This is Rhino. He arrived at a shelter with an elaborate doggo manual for his new family, written by someone who will always love him. 13/10 https://t.co/QX1h0oqMz0",13.0,10.0,Rhino,doggo,2117,12914,https://pbs.twimg.com/media/C49nZavUYAEJjGw.jpg,boxer
832273440279240704,2017-02-16 17:00:25,Say hello to Smiley. He's a blind therapy doggo having a h*ckin blast high steppin around in the snow. 14/10 would follow anywhere https://t.co/SHAb1wHjMz,14.0,10.0,Smiley,doggo,2251,11065,https://pbs.twimg.com/ext_tw_video_thumb/832273373149413377/pu/img/qOqxM0b48fEarmq6.jpg,Pembroke
832032802820481025,2017-02-16 01:04:13,"This is Miguel. He was the only remaining doggo at the adoption center after the weekend. Let's change that. 12/10

https://t.co/P0bO8mCQwN https://t.co/SU4K34NT4M",12.0,10.0,Miguel,doggo,4502,17413,https://pbs.twimg.com/media/C4v5a4UWcAIRygc.jpg,whippet
831939777352105988,2017-02-15 18:54:34,This is Emanuel. He's a h*ckin rare doggo. Dwells in a semi-urban environment. Round features make him extra collectible. 12/10 would so pet https://t.co/k9bzgyVdUT,12.0,10.0,Emanuel,doggo,5929,23383,https://pbs.twimg.com/media/C4uk0EWWQAAaZm1.jpg,Pomeranian
831322785565769729,2017-02-14 02:02:51,This is Pete. He has no eyes. Needs a guide doggo. Also appears to be considerably fluffy af. 12/10 would hug softly https://t.co/Xc0gyovCtK,12.0,10.0,Pete,doggo,1497,9061,https://pbs.twimg.com/media/C4lzqQ4UEAApzU0.jpg,Old_English_sheepdog
831315979191906304,2017-02-14 01:35:49,I couldn't make it to the #WKCDogShow BUT I have people there on the ground relaying me the finest pupper pics possible. 13/10 for all https://t.co/jd6lYhfdH4,13.0,10.0,None,pupper,1081,6375,https://pbs.twimg.com/media/C4lst0bXAAE6MP8.jpg,briard
829449946868879360,2017-02-08 22:00:52,Here's a stressed doggo. Had a long day. Many things on her mind. The hat communicates these feelings exquisitely. 11/10 https://t.co/fmRS43mWQB,11.0,10.0,None,doggo,1941,10222,https://pbs.twimg.com/media/C4LMUf8WYAkWz4I.jpg,Labrador_retriever
828381636999917570,2017-02-05 23:15:47,Meet Doobert. He's a deaf doggo. Didn't stop him on the field tho. Absolute legend today. 14/10 would pat head approvingly https://t.co/iCk7zstRA9,14.0,10.0,Doobert,doggo,2156,12317,https://pbs.twimg.com/media/C38Asz1WEAAvzj3.jpg,Bedlington_terrier
827933404142436356,2017-02-04 17:34:40,This is Kona. Yesterday she stopped by the department to see what it takes to be a police pupper. 12/10 vest was only a smidge too big https://t.co/j8D3PQJvpJ,12.0,10.0,Kona,pupper,5078,19607,https://pbs.twimg.com/media/C31pCN4UcAAOLNH.jpg,German_shepherd
826958653328592898,2017-02-02 01:01:21,This is Loki. He smiles like Elvis. Ain't nothin but a hound doggo. 12/10 https://t.co/QV5nx6otZR,12.0,10.0,Loki,doggo,4831,21066,https://pbs.twimg.com/media/C3nygbBWQAAjwcW.jpg,golden_retriever
826848821049180160,2017-02-01 17:44:55,This is Cupid. He was found in the trash. Now he's well on his way to prosthetic front legs and a long happy doggo life. 13/10 heroic af https://t.co/WS0Gha8vRh,13.0,10.0,Cupid,doggo,9832,35403,https://pbs.twimg.com/media/C3mOnZ_XUAAjr2V.jpg,Great_Pyrenees
826476773533745153,2017-01-31 17:06:32,This is Pilot. He has mastered the synchronized head tilt and sneaky tongue slip. Usually not unlocked until later doggo days. 12/10 https://t.co/YIV8sw8xkh,12.0,10.0,Pilot,doggo,4063,18014,https://pbs.twimg.com/media/C3g8M0lWIAEcFgn.jpg,German_shepherd
826204788643753985,2017-01-30 23:05:46,"Here's a little more info on Dew, your favorite roaming doggo that went h*ckin viral. 13/10 
https://t.co/1httNYrCeW https://t.co/KvaM8j3jhX",13.0,10.0,None,doggo,888,4773,https://pbs.twimg.com/media/C3dEza1WcAAhlNU.jpg,Labrador_retriever
825535076884762624,2017-01-29 02:44:34,Here's a very loving and accepting puppo. Appears to have read her Constitution well. 14/10 would pat head approvingly https://t.co/6ao80wIpV1,14.0,10.0,None,puppo,17089,55825,https://pbs.twimg.com/media/C3TjvitXAAAI-QH.jpg,Rottweiler
825026590719483904,2017-01-27 17:04:02,"Say hello to Pablo. He's one gorgeous puppo. A true 12/10. Click the link to see why Pablo requests your assistance

https://t.co/koHvVQp9bL https://t.co/IhW0JKf7kc",12.0,10.0,Pablo,puppo,1210,6134,https://pbs.twimg.com/media/C3MVTeHWcAAGNfx.jpg,Eskimo_dog
824325613288833024,2017-01-25 18:38:36,Retweet the h*ck out of this 13/10 pupper #BellLetsTalk https://t.co/wBmc7OaGvS,13.0,10.0,None,pupper,10295,11583,https://pbs.twimg.com/media/C3CXxaoWQAAiLuC.jpg,Pembroke
822872901745569793,2017-01-21 18:26:02,Here's a super supportive puppo participating in the Toronto  #WomensMarch today. 13/10 https://t.co/nTz3FtorBc,13.0,10.0,None,puppo,41944,128896,https://pbs.twimg.com/media/C2tugXLXgAArJO4.jpg,Lakeland_terrier
822462944365645825,2017-01-20 15:17:01,"This is Gabe. He was the unequivocal embodiment of a dream meme, but also one h*ck of a pupper. You will be missed by so many. 14/10 RIP https://t.co/M3hZGadUuO",14.0,10.0,Gabe,pupper,13838,27356,https://pbs.twimg.com/media/C2n5rUUXEAIXAtv.jpg,Pomeranian
821765923262631936,2017-01-18 17:07:18,This is Duchess. She uses dark doggo forces to levitate her toys. 13/10 magical af https://t.co/maDNMETA52,13.0,10.0,Duchess,doggo,1619,8235,https://pbs.twimg.com/media/C2d_vnHWEAE9phX.jpg,golden_retriever
821407182352777218,2017-01-17 17:21:47,This is Sundance. He's a doggo drummer. Even sings a bit on the side. 14/10 entertained af (vid by @sweetsundance) https://t.co/Xn5AQtiqzG,14.0,10.0,Sundance,doggo,4196,11512,https://pbs.twimg.com/ext_tw_video_thumb/821407155391725568/pu/img/AJC07gFJDDBuwNTD.jpg,Irish_setter
821107785811234820,2017-01-16 21:32:06,Here's a doggo who looks like he's about to give you a list of mythical ingredients to go collect for his potion. 11/10 would obey https://t.co/8SiwKDlRcl,11.0,10.0,None,doggo,2074,9417,https://pbs.twimg.com/media/C2UpLA-UcAEK_Fz.jpg,Pomeranian
819952236453363712,2017-01-13 17:00:21,"This is Oliver. He has dreams of being a service puppo so he can help his owner. 13/10 selfless af

make it happen:
https://t.co/f5WMsx0a9K https://t.co/6lJz0DKZIb",13.0,10.0,Oliver,puppo,1138,5221,https://pbs.twimg.com/media/C2EONHNWQAUWxkP.jpg,American_Staffordshire_terrier
819004803107983360,2017-01-11 02:15:36,This is Bo. He was a very good First Doggo. 14/10 would be an absolute honor to pet https://t.co/AdPKrI8BZ1,14.0,10.0,Bo,doggo,36108,85611,https://pbs.twimg.com/media/C12whDoVEAALRxa.jpg,standard_poodle
817777686764523521,2017-01-07 16:59:28,"This is Dido. She's playing the lead role in ""Pupper Stops to Catch Snow Before Resuming Shadow Box with Dried Apple."" 13/10 (IG: didodoggo) https://t.co/m7isZrOBX7",13.0,10.0,Dido,"doggo,pupper",2616,10562,https://pbs.twimg.com/ext_tw_video_thumb/817777588030476288/pu/img/KbuLpE4krHF4VdPf.jpg,curly-coated_retriever
815966073409433600,2017-01-02 17:00:46,Here's a pupper with squeaky hiccups. Please enjoy. 13/10 https://t.co/MiMKtsLN6k,13.0,10.0,None,pupper,8231,22002,https://pbs.twimg.com/ext_tw_video_thumb/815965888126062592/pu/img/JleSw4wRhgKDWQj5.jpg,Tibetan_mastiff
814986499976527872,2016-12-31 00:08:17,This is Cooper. Someone attacked him with a sharpie. Poor pupper. 11/10 nifty tongue slip tho https://t.co/01vpuRDXQ8,11.0,10.0,Cooper,pupper,1245,7535,https://pbs.twimg.com/media/C09p5dJWIAE5qKL.jpg,dalmatian
813910438903693312,2016-12-28 00:52:25,This is Chubbs. He dug a hole and now he's stuck in it. Dang h*ckin doggo. 11/10 would assist https://t.co/z1VRj1cYZf,11.0,10.0,Chubbs,doggo,1821,9180,https://pbs.twimg.com/media/C0uXObSXUAAIzmV.jpg,Siberian_husky
813202720496779264,2016-12-26 02:00:11,Here's a doggo who has concluded that Christmas is entirely too bright. Requests you tone it down a notch. 11/10 https://t.co/cD967DjnIn,11.0,10.0,None,doggo,1781,9100,https://pbs.twimg.com/media/C0kTjqIXgAAqpRi.jpg,cocker_spaniel
813127251579564032,2016-12-25 21:00:18,Here's an anonymous doggo that appears to be very done with Christmas. 11/10 cheer up pup https://t.co/BzITyGw3JA,11.0,10.0,None,doggo,3045,11635,https://pbs.twimg.com/media/C0jO6aBWEAAM28r.jpg,Norwegian_elkhound
813096984823349248,2016-12-25 19:00:02,This is Rocky. He got triple-doggo-dared. Stuck af. 11/10 someone help him https://t.co/soNL00XWVu,11.0,10.0,Rocky,doggo,3547,10417,https://pbs.twimg.com/media/C0izZULWgAAKD-F.jpg,Great_Dane
811386762094317568,2016-12-21 01:44:13,This is Craig. That's actually a normal sized fence he's stuck on. H*ckin massive pupper. 11/10 someone help him https://t.co/aAUXzoxaBy,11.0,10.0,Craig,pupper,6252,20621,https://pbs.twimg.com/media/C0Kf9PtWQAEW4sE.jpg,Pembroke
808106460588765185,2016-12-12 00:29:28,Here we have Burke (pupper) and Dexter (doggo). Pupper wants to be exactly like doggo. Both 12/10 would pet at same time https://t.co/ANBpEYHaho,12.0,10.0,None,"doggo,pupper",2162,8697,https://pbs.twimg.com/media/Czb4iFRXgAIUMiN.jpg,golden_retriever
807621403335917568,2016-12-10 16:22:02,This is Ollie Vue. He was a 3 legged pupper on a mission to overcome everything. This is very hard to write. 14/10 we will miss you Ollie https://t.co/qTRY2qX9y4,14.0,10.0,Ollie,pupper,3547,14396,https://pbs.twimg.com/media/CzU_YVGUUAA3Xsd.jpg,golden_retriever
803773340896923648,2016-11-30 01:31:12,This is Diogi. He fell in the pool as soon as he was brought home. Clumsy puppo. 12/10 would pet until dry https://t.co/ZxeRjMKaWt,12.0,10.0,Diogi,puppo,2692,9928,https://pbs.twimg.com/media/CyeTku-XcAALkBd.jpg,miniature_pinscher
803638050916102144,2016-11-29 16:33:36,Pupper hath acquire enemy. 13/10 https://t.co/ns9qoElfsX,13.0,10.0,None,pupper,4073,10802,https://pbs.twimg.com/ext_tw_video_thumb/803638023904559104/pu/img/vxm0Htm5iIV7EOAQ.jpg,Labrador_retriever
802239329049477120,2016-11-25 19:55:35,This is Loki. He'll do your taxes for you. Can also make room in your budget for all the things you bought today. 12/10 what a puppo https://t.co/5oWrHCWg87,12.0,10.0,Loki,puppo,2576,8981,https://pbs.twimg.com/media/CyIgaTEVEAA-9zS.jpg,Eskimo_dog
801115127852503040,2016-11-22 17:28:25,This is Bones. He's being haunted by another doggo of roughly the same size. 12/10 deep breaths pupper everything's fine https://t.co/55Dqe0SJNj,12.0,10.0,Bones,"doggo,pupper",2067,7973,https://pbs.twimg.com/media/Cx4h7zHUsAAqaJd.jpg,dalmatian
800388270626521089,2016-11-20 17:20:08,This is Doc. He takes time out of every day to worship our plant overlords. 12/10 quite the floofer https://t.co/azMneS6Ly5,12.0,10.0,Doc,floofer,2764,11024,https://pbs.twimg.com/media/CxuM3oZW8AEhO5z.jpg,golden_retriever
799757965289017345,2016-11-18 23:35:32,This is Sobe. She's a h*ckin happy doggo. Only one leg tho. Must have good balance. 13/10 would smile back https://t.co/OiH8PaOxB1,13.0,10.0,Sobe,doggo,2120,8284,https://pbs.twimg.com/media/CxlPnoSUcAEXf1i.jpg,Border_collie
797971864723324932,2016-11-14 01:18:12,Here's a helicopter pupper. He takes off at random. H*ckin hard to control. 12/10 rare af https://t.co/GRWPgNKt2z,12.0,10.0,None,pupper,3050,11438,https://pbs.twimg.com/media/CxL3IWeVEAAAIE2.jpg,American_Staffordshire_terrier
796484825502875648,2016-11-09 22:49:15,Here's a sleepy doggo that requested some assistance. 12/10 would carry everywhere https://t.co/bvkkqOjNDV,12.0,10.0,None,doggo,1723,7480,https://pbs.twimg.com/media/Cw2uty8VQAAB0pL.jpg,cocker_spaniel
795464331001561088,2016-11-07 03:14:10,Elder doggo does a splash. Both 13/10 incredible stuff https://t.co/gBUDjdEcqz,13.0,10.0,None,doggo,23114,48848,https://pbs.twimg.com/ext_tw_video_thumb/795464066940764160/pu/img/jPkMMQXdydb7CqFX.jpg,golden_retriever
793195938047070209,2016-10-31 21:00:23,Say hello to Lily. She's pupset that her costume doesn't fit as well as last year. 12/10 poor puppo https://t.co/YSi6K1firY,12.0,10.0,Lily,puppo,5522,15062,https://pbs.twimg.com/media/CwH_foYWgAEvTyI.jpg,Labrador_retriever
787717603741622272,2016-10-16 18:11:26,This is Tonks. She is a service puppo. Can hear a caterpillar hiccup from 7 miles away. 13/10 would follow anywhere https://t.co/i622ZbWkUp,13.0,10.0,Tonks,puppo,2723,10120,https://pbs.twimg.com/media/Cu6I9vvWIAAZG0a.jpg,German_shepherd
786363235746385920,2016-10-13 00:29:39,This is Rizzo. He has many talents. A true renaissance doggo. 13/10 entertaining af https://t.co/TVXpEJB7Wn,13.0,10.0,Rizzo,doggo,3403,10732,https://pbs.twimg.com/media/Cum5LlfWAAAyPcS.jpg,golden_retriever
782747134529531904,2016-10-03 01:00:34,This is Deacon. He's the happiest almost dry doggo I've ever seen. 11/10 would smile back https://t.co/C6fUMnHt1H,11.0,10.0,Deacon,doggo,1382,7357,https://pbs.twimg.com/media/CtzgXgeXYAA1Gxw.jpg,golden_retriever
782305867769217024,2016-10-01 19:47:08,This is Sampson. He just graduated. Ready to be a doggo now. Time for the real world. 12/10 have fun with taxes https://t.co/pgVKxRw0s1,12.0,10.0,Sampson,doggo,5411,16378,https://pbs.twimg.com/media/CttPBt0WIAAcsDE.jpg,briard
778039087836069888,2016-09-20 01:12:28,Evolution of a pupper yawn featuring Max. 12/10 groundbreaking stuff https://t.co/t8Y4x9DmVD,12.0,10.0,None,pupper,2570,8327,https://pbs.twimg.com/media/CswmaHmWAAAbdY9.jpg,German_shepherd
778027034220126208,2016-09-20 00:24:34,This is Sophie. She's a Jubilant Bush Pupper. Super h*ckin rare. Appears at random just to smile at the locals. 11.27/10 would smile back https://t.co/QFaUiIHxHq,11.27,10.0,Sophie,pupper,1562,6434,https://pbs.twimg.com/media/Cswbc2yWcAAVsCJ.jpg,clumber
776477788987613185,2016-09-15 17:48:25,This is Huck. He's addicted to caffeine. Hope it's not too latte to seek help. 11/10 stay strong pupper https://t.co/iJE3F0VozW,11.0,10.0,Huck,pupper,2696,8629,https://pbs.twimg.com/media/CsaaaaxWgAEfzM7.jpg,Labrador_retriever
776218204058357768,2016-09-15 00:36:55,Atlas rolled around in some chalk and now he's a magical rainbow floofer. 13/10 please never take a bath https://t.co/nzqTNw0744,13.0,10.0,None,floofer,15395,29226,https://pbs.twimg.com/media/CsWuVEdWcAAqbe9.jpg,Samoyed
775364825476165632,2016-09-12 16:05:54,This is Finley. He's an independent doggo still adjusting to life on his own. 11/10 https://t.co/7FNcBaKbci,11.0,10.0,Finley,doggo,2871,7228,https://pbs.twimg.com/media/CsKmMB2WAAAXcAy.jpg,beagle
773547596996571136,2016-09-07 15:44:53,This is Chelsea. She forgot how to dog. 11/10 get it together pupper https://t.co/nBJ5RE4yHb,11.0,10.0,Chelsea,pupper,5969,21627,https://pbs.twimg.com/media/Crwxb5yWgAAX5P_.jpg,Norwegian_elkhound
772193107915964416,2016-09-03 22:02:38,This is Willem. He's a Penn State pupper. Thinks the hood makes him more intimidating. It doesn't. 12/10 https://t.co/Dp0s7MRIHK,12.0,10.0,Willem,pupper,1343,5878,https://pbs.twimg.com/media/Crdhh_1XEAAHKHi.jpg,Pembroke
765371061932261376,2016-08-16 02:14:15,This is Louie. He's had a long day. Did a lot of pupper things. Also appears to be rather heckin pettable. 11/10 https://t.co/w2qDmoTIZ5,11.0,10.0,Louie,pupper,2102,6893,https://pbs.twimg.com/media/Cp8k6oRWcAUL78U.jpg,golden_retriever
760893934457552897,2016-08-03 17:43:45,This is Wishes. He has the day off. Daily struggles of being a doggo have finally caught up with him. 11/10 https://t.co/H9YgrUkYwa,11.0,10.0,Wishes,doggo,940,3724,https://pbs.twimg.com/media/Co88_ujWEAErCg7.jpg,Blenheim_spaniel
759793422261743616,2016-07-31 16:50:42,"Meet Maggie &amp; Lila. Maggie is the doggo, Lila is the pupper. They are sisters. Both 12/10 would pet at the same time https://t.co/MYwR4DQKll",12.0,10.0,Maggie,"doggo,pupper",1848,5796,https://pbs.twimg.com/media/CotUFZEWcAA2Pku.jpg,golden_retriever
758828659922702336,2016-07-29 00:57:05,This doggo is just waiting for someone to be proud of her and her accomplishment. 13/10 legendary af https://t.co/9T2h14yn4Q,13.0,10.0,None,doggo,3723,10908,https://pbs.twimg.com/media/Cofmom_VUAA4dRO.jpg,Chesapeake_Bay_retriever
757393109802180609,2016-07-25 01:52:43,Here's a doggo completely oblivious to the double rainbow behind him. 10/10 someone tell him https://t.co/OfvRoD6ndV,10.0,10.0,None,doggo,1674,5648,https://pbs.twimg.com/media/CoLNAq6WAAAkmdJ.jpg,Labrador_retriever
756939218950160384,2016-07-23 19:49:07,This is Jax. He is a majestic mountain pupper. Thinks flat ground is for the weak. 12/10 would totally hike with https://t.co/KGdeHuFJnH,12.0,10.0,Jax,pupper,1933,6451,https://pbs.twimg.com/media/CoEwMXeWEAAaIz5.jpg,golden_retriever
756275833623502848,2016-07-21 23:53:04,When ur older siblings get to play in the deep end but dad says ur not old enough. Maybe one day puppo. All 10/10 https://t.co/JrDAzMhwG9,10.0,10.0,None,puppo,1479,6205,https://pbs.twimg.com/media/Cn7U2xlW8AI9Pqp.jpg,Airedale
755955933503782912,2016-07-21 02:41:54,Here's a frustrated pupper attempting to escape a pool of Frosted Flakes. 12/10 https://t.co/GAYViEweWr,12.0,10.0,None,pupper,2767,7100,https://pbs.twimg.com/ext_tw_video_thumb/755955658164465664/pu/img/YcjfthN7C3z61GUj.jpg,Pekinese
752682090207055872,2016-07-12 01:52:49,Nothing better than a doggo and a sunset. 10/10 majestic af https://t.co/xVSodF19PS,10.0,10.0,None,doggo,1537,5836,https://pbs.twimg.com/media/CnIQXdYWgAAnsZZ.jpg,German_shepherd
752334515931054080,2016-07-11 02:51:40,Here's a doggo trying to catch some fish. 8/10 futile af (vid by @KellyBauerx) https://t.co/jwd0j6oWLE,8.0,10.0,None,doggo,1061,3711,https://pbs.twimg.com/ext_tw_video_thumb/752334354492362752/pu/img/uWISPc0YRmhUi9Ju.jpg,Bedlington_terrier
751583847268179968,2016-07-09 01:08:47,Please stop sending it pictures that don't even have a doggo or pupper in them. Churlish af. 5/10 neat couch tho https://t.co/u2c9c7qSg8,5.0,10.0,None,"doggo,pupper",1054,4263,https://pbs.twimg.com/media/Cm4phTpWcAAgLsr.jpg,dalmatian
751456908746354688,2016-07-08 16:44:23,Here's a pupper that's very hungry but too lazy to get up and eat. 12/10 (vid by @RealDavidCortes) https://t.co/lsVAMBq6ex,12.0,10.0,None,pupper,969,3118,https://pbs.twimg.com/ext_tw_video_thumb/751456786360725504/pu/img/hWqfIQ29A0cBv6f_.jpg,golden_retriever
751132876104687617,2016-07-07 19:16:47,This is Cooper. He's just so damn happy. 10/10 what's your secret puppo? https://t.co/yToDwVXEpA,10.0,10.0,Cooper,puppo,1255,4918,https://pbs.twimg.com/media/CmyPXNOW8AEtaJ-.jpg,Labrador_retriever
750868782890057730,2016-07-07 01:47:22,Meet Milo. He hauled ass until he ran out of treadmill and then passed out from exhaustion. 11/10 sleep tight pupper https://t.co/xe1aGZNkcC,11.0,10.0,Milo,pupper,1314,4633,https://pbs.twimg.com/media/CmufLLsXYAAsU0r.jpg,toy_poodle
750383411068534784,2016-07-05 17:38:41,This is Zoe. She was trying to stealthily take a picture of you but you just noticed. 9/10 not so sneaky pupper https://t.co/FfH3o88Vta,9.0,10.0,Zoe,pupper,1100,4415,https://pbs.twimg.com/media/CmnluwbXEAAqnkw.jpg,Border_collie
750071704093859840,2016-07-04 21:00:04,Pause your cookout and admire this pupper's nifty hat. 10/10 https://t.co/RG4C9IdNJM,10.0,10.0,None,pupper,3195,7576,https://pbs.twimg.com/media/CmjKOzVWcAAQN6w.jpg,redbone
749417653287129088,2016-07-03 01:41:06,This is Finn. He's the most unphotogenic pupper of all time. 11/10 https://t.co/qvA2rCUl6v,11.0,10.0,Finn,pupper,1580,5913,https://pbs.twimg.com/media/CmZ3YH9WEAAowi3.jpg,papillon
749317047558017024,2016-07-02 19:01:20,This is Blu. He's a wild bush Floofer. I wish anything made me as happy as bushes make Blu. 12/10 would frolic with https://t.co/HHUAnBb6QB,12.0,10.0,Blu,floofer,2156,5319,https://pbs.twimg.com/ext_tw_video_thumb/749316899712950272/pu/img/nvZI9mkoAxt89sul.jpg,wire-haired_fox_terrier
748932637671223296,2016-07-01 17:33:49,Say hello to Divine Doggo. Must be magical af. 13/10 would be an honor to pet https://t.co/BbcABzohKb,13.0,10.0,Divine,doggo,2168,5615,https://pbs.twimg.com/media/CmS-QkQWAAAkUa-.jpg,borzoi
747963614829678593,2016-06-29 01:23:16,PUPPER NOOOOO BEHIND YOUUU 10/10 pls keep this pupper in your thoughts https://t.co/ZPfeRtOX0Q,10.0,10.0,None,pupper,2062,5591,https://pbs.twimg.com/media/CmFM7ngXEAEitfh.jpg,kelpie
744995568523612160,2016-06-20 20:49:19,This is Abby. She got her face stuck in a glass. Churlish af. 9/10 rookie move puppo https://t.co/2FPb45NXrK,9.0,10.0,Abby,puppo,589,2864,https://pbs.twimg.com/media/ClbBg4WWEAMjwJu.jpg,Old_English_sheepdog
744234799360020481,2016-06-18 18:26:18,Here's a doggo realizing you can stand in a pool. 13/10 enlightened af (vid by Tina Conrad) https://t.co/7wE9LTEXC4,13.0,10.0,None,doggo,74394,150726,https://pbs.twimg.com/ext_tw_video_thumb/744234667679821824/pu/img/1GaWmtJtdqzZV7jy.jpg,Labrador_retriever
743253157753532416,2016-06-16 01:25:36,"This is Kilo. He cannot reach the snackum. Nifty tongue, but not nifty enough. 10/10 maybe one day puppo https://t.co/gSmp31Zrsx",10.0,10.0,Kilo,puppo,1175,4097,https://pbs.twimg.com/media/ClCQzFUUYAA5vAu.jpg,malamute
743222593470234624,2016-06-15 23:24:09,This is a very rare Great Alaskan Bush Pupper. Hard to stumble upon without spooking. 12/10 would pet passionately https://t.co/xOBKCdpzaa,12.0,10.0,None,pupper,1835,5985,https://pbs.twimg.com/media/ClB09z0WYAAA1jz.jpg,kuvasz
741743634094141440,2016-06-11 21:27:17,Meet Aqua. She's a sandy pupper. Not sure how she feels about being so sandy. Radical tongue slip. 11/10 petable af https://t.co/rYxJ0UQtbE,11.0,10.0,Aqua,pupper,2626,7871,https://pbs.twimg.com/media/Cksz42EW0AAh2NF.jpg,Labrador_retriever
741067306818797568,2016-06-10 00:39:48,This is just downright precious af. 12/10 for both pupper and doggo https://t.co/o5J479bZUC,12.0,10.0,None,"doggo,pupper",2954,9197,https://pbs.twimg.com/media/CkjMx99UoAM2B1a.jpg,golden_retriever
739606147276148736,2016-06-05 23:53:41,Meet Benji. He just turned 1. Has already given up on a traditional pupper physique. Just inhaled that thing. 9/10 https://t.co/sLUC4th3Zj,9.0,10.0,Benji,pupper,1586,5209,https://pbs.twimg.com/media/CkOb3FXW0AAUL_U.jpg,Blenheim_spaniel
739238157791694849,2016-06-04 23:31:25,Here's a doggo blowing bubbles. It's downright legendary. 13/10 would watch on repeat forever (vid by Kent Duryee) https://t.co/YcXgHfp1EC,13.0,10.0,None,doggo,55441,111477,https://pbs.twimg.com/ext_tw_video_thumb/739238016737267712/pu/img/-tLpyiuIzD5zR1et.jpg,Eskimo_dog
738537504001953792,2016-06-03 01:07:16,This is Bayley. She fell asleep trying to escape her evil fence enclosure. 11/10 night night puppo https://t.co/AxSiqAKEKu,11.0,10.0,Bayley,puppo,1466,4898,https://pbs.twimg.com/media/Cj_P7rSUgAAYQbz.jpg,chow
737445876994609152,2016-05-31 00:49:32,Just wanted to share this super rare Rainbow Floofer in case you guys haven't seen it yet. 13/10 colorful af https://t.co/CaG9MzD3WT,13.0,10.0,None,floofer,4248,9851,https://pbs.twimg.com/media/CjvvHBwUoAE55WZ.jpg,Samoyed
735648611367784448,2016-05-26 01:47:51,*faints* 12/10 perfection in pupper form https://t.co/t6TxTwTLEK,12.0,10.0,None,pupper,1052,3891,https://pbs.twimg.com/media/CjWMezdW0AErwU3.jpg,Pembroke
735256018284875776,2016-05-24 23:47:49,This is Kellogg. He accidentally opened the front facing camera. 8/10 get it together doggo https://t.co/MRYv7nDPyS,8.0,10.0,Kellogg,doggo,841,3206,https://pbs.twimg.com/media/CjQnclkVEAA4pnK.jpg,Staffordshire_bullterrier
735137028879360001,2016-05-24 15:55:00,Meet Buckley. His family &amp; some neighbors came over to watch him perform but he's nervous af. 9/10 u got this pupper https://t.co/5bdCpPlno9,9.0,10.0,Buckley,pupper,929,3012,https://pbs.twimg.com/media/CjO7OfeWgAAUQy-.jpg,Walker_hound
733822306246479872,2016-05-21 00:50:46,This is Moose. He's a Polynesian Floofer. Dapper af. 10/10 would pet diligently https://t.co/mVfqRdppTL,10.0,10.0,Moose,floofer,978,3536,https://pbs.twimg.com/media/Ci8Pfg_UUAA2m9i.jpg,Lhasa
733109485275860992,2016-05-19 01:38:16,"Like father (doggo), like son (pupper). Both 12/10 https://t.co/pG2inLaOda",12.0,10.0,None,"doggo,pupper",16310,51367,https://pbs.twimg.com/media/CiyHLocU4AI2pJu.jpg,golden_retriever
730573383004487680,2016-05-12 01:40:42,This is Rooney. He can't comprehend glass. 10/10 it'll be ok pupper https://t.co/CnUl2uDBBV,10.0,10.0,Rooney,pupper,2031,4694,https://pbs.twimg.com/media/CiOEnI6WgAAmq4E.jpg,American_Staffordshire_terrier
728015554473250816,2016-05-05 00:16:48,This is Rueben. He has reached ultimate pupper zen state. 11/10 tranquil af https://t.co/Z167HgtnBi,11.0,10.0,Rueben,pupper,1046,3965,https://pbs.twimg.com/media/ChpuRyvVAAARMoq.jpg,cocker_spaniel
727644517743104000,2016-05-03 23:42:26,Here's a doggo struggling to cope with the winds. 13/10 https://t.co/qv3aUwaouT,13.0,10.0,None,doggo,1665,5624,https://pbs.twimg.com/media/Chkc1BQUoAAa96R.jpg,Great_Pyrenees
727524757080539137,2016-05-03 15:46:33,This pupper had to undergo emergency haircut surgery so he could hear again. 10/10 miraculous af https://t.co/fUyDIFkBwx,10.0,10.0,None,pupper,1156,4288,https://pbs.twimg.com/media/Chiv6BAW4AAiQvH.jpg,Pomeranian
727314416056803329,2016-05-03 01:50:44,This pupper was about to explain where that dirt came from but then decided against it. 11/10 https://t.co/SbaelU6zRs,11.0,10.0,None,pupper,709,3194,https://pbs.twimg.com/media/Chfwmd9U4AQTf1b.jpg,toy_poodle
725786712245440512,2016-04-28 20:40:11,Say hello to Lillie. She's a Rutabagan Floofem. Poor pupper ate and then passed out. 11/10 relatable af https://t.co/uIdGqug9rw,11.0,10.0,Lillie,pupper,1308,4006,https://pbs.twimg.com/media/ChKDKmIWIAIJP_e.jpg,chow
724771698126512129,2016-04-26 01:26:53,Nothin better than a doggo and a sunset. 11/10 https://t.co/JlFqOhrHEs,11.0,10.0,None,doggo,603,2248,https://pbs.twimg.com/media/Cg7n_-OU8AA5RR1.jpg,German_short-haired_pointer
724405726123311104,2016-04-25 01:12:38,This is Ashleigh. She's having Coachella withdrawals. Didn't even go tho. 10/10 stay strong pupper https://t.co/nRUaKWnJfH,10.0,10.0,Ashleigh,pupper,1587,5077,https://pbs.twimg.com/media/Cg2bKLAWwAA0WEm.jpg,golden_retriever
721001180231503872,2016-04-15 15:44:11,This is Oliver. Bath time is upon him. His fear of the wetness postpones his ultimate pupper destiny. 11/10 https://t.co/AFzzKqR4tT,11.0,10.0,Oliver,pupper,586,2431,https://pbs.twimg.com/media/CgGCvxAUkAAx55r.jpg,Samoyed
719991154352222208,2016-04-12 20:50:42,This doggo was initially thrilled when she saw the happy cartoon pup but quickly realized she'd been deceived. 10/10 https://t.co/mvnBGaWULV,10.0,10.0,None,doggo,1660,4645,https://pbs.twimg.com/media/Cf3sH62VAAA-LiP.jpg,golden_retriever
717009362452090881,2016-04-04 15:22:08,This is Smokey. He's having some sort of existential crisis. 10/10 hang in there pupper https://t.co/JmgF4dMpw0,10.0,10.0,Smokey,pupper,915,3107,https://pbs.twimg.com/media/CfNUNetW8AAekHx.jpg,Siberian_husky
716080869887381504,2016-04-02 01:52:38,Here's a super majestic doggo and a sunset 11/10 https://t.co/UACnoyi8zu,11.0,10.0,None,doggo,1818,6513,https://pbs.twimg.com/media/CfAHv83UMAIEQYx.jpg,golden_retriever
711008018775851008,2016-03-19 01:54:56,This is Chuckles. He had a balloon but he accidentally let go of it and it floated away. 11/10 hang in there pupper https://t.co/68iNM7B5gW,11.0,10.0,Chuckles,pupper,583,2879,https://pbs.twimg.com/media/Cd4CBQFW8AAY3ND.jpg,French_bulldog
710117014656950272,2016-03-16 14:54:24,This pupper got her hair chalked for her birthday. Hasn't told her parents yet. Rebellious af. 11/10 very nifty https://t.co/h1OX2mLtxV,11.0,10.0,None,pupper,1883,5244,https://pbs.twimg.com/media/CdrXp9dWoAAcRfn.jpg,toy_poodle
708845821941387268,2016-03-13 02:43:08,Here's a pupper with magic eyes. Not wearing a seat belt tho (irresponsible af). Very distracting to driver. 9/10 https://t.co/5DLJB4ssvI,9.0,10.0,None,pupper,855,2866,https://pbs.twimg.com/media/CdZTgynWwAATZcx.jpg,schipperke
707411934438625280,2016-03-09 03:45:22,"""I shall trip the big pupper with leash. Big pupper will never see it coming. I am a genius."" Both 11/10 https://t.co/uQsCJ8pf51",11.0,10.0,None,pupper,571,2219,https://pbs.twimg.com/media/CdE7ZktXIAEiWLj.jpg,Lakeland_terrier
707315916783140866,2016-03-08 21:23:50,This is Finnegus. He's trapped in a snow globe. Poor pupper. 10/10 would make sure no one shook it https://t.co/BjpOa52jQ4,10.0,10.0,Finnegus,pupper,608,2384,https://pbs.twimg.com/media/CdDkEkHWwAAAeUJ.jpg,Bernese_mountain_dog
706310011488698368,2016-03-06 02:46:44,Here's a very sleepy pupper. Thinks it's an airplane. 12/10 would snug for eternity https://t.co/GGmcTIkBbf,12.0,10.0,None,pupper,7544,20447,https://pbs.twimg.com/media/Cc1RNHLW4AACG6H.jpg,Pembroke
705975130514706432,2016-03-05 04:36:02,This is Adele. Her tongue flies out of her mouth at random. It's a debilitating illness. 10/10 stay strong pupper https://t.co/cfn81n3FLO,10.0,10.0,Adele,pupper,695,2986,https://pbs.twimg.com/media/CcwgjmuXIAEQoSd.jpg,Staffordshire_bullterrier
705428427625635840,2016-03-03 16:23:38,This is Ambrose. He's an Alfalfa Ballyhoo. Draws pistol fast af. Pretty much runs the frontier. 11/10 lethal pupper https://t.co/ih6epBOxIA,11.0,10.0,Ambrose,pupper,1594,3662,https://pbs.twimg.com/media/CcovaMUXIAApFDl.jpg,Chihuahua
704859558691414016,2016-03-02 02:43:09,Here is a heartbreaking scene of an incredible pupper being laid to rest. 10/10 RIP pupper https://t.co/81mvJ0rGRu,10.0,10.0,None,pupper,507,2166,https://pbs.twimg.com/media/CcgqBNVW8AE76lv.jpg,pug
703611486317502464,2016-02-27 16:03:45,Meet Scooter. He's experiencing the pupper equivalent of dropping ur phone in a toilet 10/10 put it in some rice pup https://t.co/JSmX1FIEaW,10.0,10.0,Scooter,pupper,1460,3700,https://pbs.twimg.com/media/CcO66OjXEAASXmH.jpg,Pembroke
702598099714314240,2016-02-24 20:56:55,"This is Sansa. She's gotten too big for her chair. Not so smol anymore. 11/10 once a pupper, always a pupper https://t.co/IpAoztle2s",11.0,10.0,Sansa,pupper,3293,11790,https://pbs.twimg.com/media/CcAhPevW8AAoknv.jpg,kelpie
701545186879471618,2016-02-21 23:13:01,Meet Millie. She's practicing her dive form for Rio. It's nearly perfect. Dedicated af. 10/10 go for gold pupper https://t.co/SDVkc4m96M,10.0,10.0,Millie,pupper,583,2569,https://pbs.twimg.com/media/CbxjnyOWAAAWLUH.jpg,Border_collie
700864154249383937,2016-02-20 02:06:50,"""Pupper is a present to world. Here is a bow for pupper."" 12/10 precious as hell https://t.co/ItSsE92gCW",12.0,10.0,None,pupper,598,2505,https://pbs.twimg.com/media/Cbn4OqKWwAADGWt.jpg,kuvasz
700143752053182464,2016-02-18 02:24:13,When it's Janet from accounting's birthday but you can't eat the cake cuz it's chocolate. 10/10 hang in there pupper https://t.co/Fbdr5orUrJ,10.0,10.0,None,pupper,2592,7231,https://pbs.twimg.com/media/CbdpBmLUYAY9SgQ.jpg,golden_retriever
699801817392291840,2016-02-17 03:45:29,This is Cooper. He began to tear up when his bone was taken from him. 11/10 stay strong pupper https://t.co/qI8yvqKG02,11.0,10.0,Cooper,pupper,908,2931,https://pbs.twimg.com/media/CbYyCMcWIAAHHjF.jpg,golden_retriever
699434518667751424,2016-02-16 03:25:58,I know this is a tad late but here's a wonderful Valentine's Day pupper 12/10 https://t.co/hTE2PEwGvi,12.0,10.0,None,pupper,493,2099,https://pbs.twimg.com/media/CbTj--1XEAIZjc_.jpg,golden_retriever
699036661657767936,2016-02-15 01:05:02,HAPPY V-DAY FROM YOUR FAV PUPPER SQUAD 13/10 for all https://t.co/7u6VnZ1UFe,13.0,10.0,None,pupper,1151,2514,https://pbs.twimg.com/media/CbN6IW4UYAAyVDA.jpg,Chihuahua
697616773278015490,2016-02-11 03:02:54,This pupper doubles as a hallway rug. Very rare. Versatile af. 11/10 https://t.co/Jxd5pR02Cn,11.0,10.0,None,pupper,969,3032,https://pbs.twimg.com/media/Ca5uv7RVAAA_QEg.jpg,Lhasa
697596423848730625,2016-02-11 01:42:02,Here's a pupper with a piece of pizza. Two of everybody's favorite things in one photo. 11/10 https://t.co/5USjFjKI7Z,11.0,10.0,None,pupper,1206,2895,https://pbs.twimg.com/media/Ca5cPrJXIAImHtD.jpg,Shetland_sheepdog
695095422348574720,2016-02-04 04:03:57,This is just a beautiful pupper good shit evolution. 12/10 https://t.co/2L8pI0Z2Ib,12.0,10.0,None,pupper,588,2551,https://pbs.twimg.com/media/CaV5mRDXEAAR8iG.jpg,papillon
695074328191332352,2016-02-04 02:40:08,This is Lorenzo. He's educated af. Just graduated college. 11/10 poor pupper can't even comprehend his debt https://t.co/dH3GzcjCtQ,11.0,10.0,Lorenzo,pupper,1051,2733,https://pbs.twimg.com/media/CaVmajOWYAA1uNG.jpg,Shih-Tzu
694329668942569472,2016-02-02 01:21:07,Meet Grady. He's very hungry. Too bad no one can find his food bowl. 9/10 poor pupper https://t.co/oToIkYnEGn,9.0,10.0,Grady,pupper,481,1924,https://pbs.twimg.com/media/CaLBJmOWYAQt44t.jpg,boxer
693629975228977152,2016-01-31 03:00:47,This pupper is afraid of its own feet. 12/10 would comfort https://t.co/Tn9Mp0oPoJ,12.0,10.0,None,pupper,761,2357,https://pbs.twimg.com/media/CaBEx3SWEAILZpi.jpg,pug
693262851218264065,2016-01-30 02:41:58,I hope you guys enjoy this beautiful snowy pupper as much as I did. 11/10 https://t.co/DYUsHtL2aR,11.0,10.0,None,pupper,475,2128,https://pbs.twimg.com/media/CZ724fDUYAAytS-.jpg,golden_retriever
692905862751522816,2016-01-29 03:03:25,This is Wally. He's being abducted by aliens. 10/10 poor pupper https://t.co/EiF659Bgjn,10.0,10.0,Wally,pupper,839,2347,https://pbs.twimg.com/media/CZ2yNKhWEAA_7cb.jpg,Mexican_hairless
692828166163931137,2016-01-28 21:54:41,This pupper just descended from heaven. 12/10 can probably fly https://t.co/X6X9wM7NuS,12.0,10.0,None,pupper,855,2773,https://pbs.twimg.com/media/CZ1riVOWwAATfGf.jpg,Samoyed
692752401762250755,2016-01-28 16:53:37,"""Hello yes could I get one pupper to go please thank you""
Both 13/10 https://t.co/kYWcXbluUu",13.0,10.0,None,pupper,3491,6567,https://pbs.twimg.com/tweet_video_thumb/CZ0mhduWkAICSGe.png,Samoyed
690015576308211712,2016-01-21 03:38:27,This pupper can only sleep on shoes. It's a crippling disease. Tearing his family apart. 12/10 I'd totally pet tho https://t.co/03XlvS8izg,12.0,10.0,None,pupper,701,2396,https://pbs.twimg.com/media/CZNtgWhWkAAbq3W.jpg,malamute
689905486972461056,2016-01-20 20:21:00,"Say hello to Gizmo. He's quite the pupper. Confused by bed, but agile af. Can barely catch on camera. 11/10 so quick https://t.co/IE4ZblyZRY",11.0,10.0,Gizmo,pupper,665,2366,https://pbs.twimg.com/media/CZMJYCRVAAE35Wk.jpg,Pomeranian
689623661272240129,2016-01-20 01:41:08,This is Lucy. She's terrified of the stuffed billed dog. 10/10 stay strong pupper https://t.co/QnvSjjyh7n,10.0,10.0,Lucy,pupper,618,2148,https://pbs.twimg.com/media/CZIJD2SWIAMJgNI.jpg,toy_poodle
689143371370250240,2016-01-18 17:52:38,Meet Trip. He likes wearing costumes that aren't consistent with the season to screw with people 10/10 tricky pupper https://t.co/40w7TI5Axv,10.0,10.0,Trip,pupper,483,1951,https://pbs.twimg.com/media/CZBUO2UWsAAKehS.jpg,English_springer
688916208532455424,2016-01-18 02:49:58,This pupper just wants to say hello. 11/10 would knock down fence for https://t.co/A8X8fwS78x,11.0,10.0,None,pupper,823,2618,https://pbs.twimg.com/media/CY-Fn1FWEAQhzhs.jpg,Pembroke
688519176466644993,2016-01-17 00:32:18,This pupper is sprouting a flower out of her head. 12/10 revolutionary af https://t.co/glmvQBRjv4,12.0,10.0,None,pupper,701,2241,https://pbs.twimg.com/media/CY4ciRFUMAAovos.jpg,Pembroke
687818504314159109,2016-01-15 02:08:05,With great pupper comes great responsibility. 12/10 https://t.co/hK6xB042EP,12.0,10.0,None,pupper,914,2397,https://pbs.twimg.com/media/CYufR8_WQAAWCqo.jpg,Lakeland_terrier
687704180304273409,2016-01-14 18:33:48,Say hello to Blakely. He thinks that's a hat. Silly pupper. That's a nanner. 9/10 https://t.co/UwOV1jqKRt,9.0,10.0,Blakely,pupper,806,2350,https://pbs.twimg.com/media/CYs3TKzUAAAF9A2.jpg,miniature_pinscher
687096057537363968,2016-01-13 02:17:20,This pupper's New Year's resolution was to become a Hershey's kiss. 11/10 she's super pumped about it https://t.co/D7jYj6vdwC,11.0,10.0,None,pupper,580,2157,https://pbs.twimg.com/media/CYkON6CVAAAPXAc.jpg,Labrador_retriever
686683045143953408,2016-01-11 22:56:10,This is Mona. She's a Yarborough Splishnsplash. Lost body during Nam. 11/10 revolutionary pupper https://t.co/pgD6h0yhgz,11.0,10.0,Mona,pupper,770,2724,https://pbs.twimg.com/media/CYeWlh0WAAADhsj.jpg,Norwich_terrier
686618349602762752,2016-01-11 18:39:05,This is Olivia. She just saw an adult wearing crocs. 11/10 poor pupper. No one should witness such a thing https://t.co/yJVTi1DjJc,11.0,10.0,Olivia,pupper,1302,3561,https://pbs.twimg.com/media/CYdbvwjWcAEtjYu.jpg,Rottweiler
686377065986265092,2016-01-11 02:40:19,Meet Birf. He thinks he's gone blind. 10/10 very frightened pupper https://t.co/oDkspjNWYX,10.0,10.0,Birf,pupper,544,2135,https://pbs.twimg.com/media/CYaAS2kUoAINkye.jpg,German_shepherd
686007916130873345,2016-01-10 02:13:27,This pupper has a magical eye. 11/10 I can't stop looking at it https://t.co/heAGpKTpPW,11.0,10.0,None,pupper,392,2390,https://pbs.twimg.com/media/CYUwjz-UAAEcdi8.jpg,Rhodesian_ridgeback
685943807276412928,2016-01-09 21:58:42,This is the newly formed pupper a capella group. They're just starting out but I see tons of potential. 8/10 for all https://t.co/wbAcvFoNtn,8.0,10.0,None,pupper,564,1569,https://pbs.twimg.com/ext_tw_video_thumb/685943751555051520/pu/img/rlBvQWaFPUMx1MTi.jpg,papillon
685641971164143616,2016-01-09 01:59:19,This is Otis. He just passed a cop while going 61 in a 45. Very nervous pupper. 7/10 https://t.co/jJS8qQeuNO,7.0,10.0,Otis,pupper,735,2811,https://pbs.twimg.com/media/CYPjvFqW8AAgiP2.jpg,Lakeland_terrier
685307451701334016,2016-01-08 03:50:03,Say hello to Petrick. He's an Altostratus Floofer. Just had a run in with a trash bag. Groovy checkered floor. 11/10 https://t.co/rwW7z1JAOF,11.0,10.0,Petrick,floofer,419,2004,https://pbs.twimg.com/media/CYKzfTTWMAEeTN7.jpg,Pomeranian
685268753634967552,2016-01-08 01:16:17,This is Hubertson. He's a Carmel Haberdashery. Enjoys long summer days on his boat. Very peaceful pupper. 10/10 https://t.co/vzCl35fKlZ,10.0,10.0,Hubertson,pupper,1142,2982,https://pbs.twimg.com/media/CYKQS0xUQAEOptC.jpg,pug
685169283572338688,2016-01-07 18:41:01,Meet Gerbald. He just found out he's adopted. Poor pupper. Snazzy tongue tho. 11/10 would hold close in time of need https://t.co/UfGkB9Wrud,11.0,10.0,Gerbald,pupper,1368,3960,https://pbs.twimg.com/media/CYI10WhWsAAjzii.jpg,Bernese_mountain_dog
683834909291606017,2016-01-04 02:18:42,Here we see a faulty pupper. Might need to replace batteries. Try turning off &amp; back on again. 9/10 would still pet https://t.co/O1E4AtHVxO,9.0,10.0,None,pupper,1074,2529,https://pbs.twimg.com/ext_tw_video_thumb/683834825250320385/pu/img/yZdrqMlyky4KGOu6.jpg,Maltese_dog
683828599284170753,2016-01-04 01:53:37,Breathtaking pupper here. Should be on the cover of Dogue. Top-notch tongue. Appears considerably fluffy. 12/10 https://t.co/Eeh3yfdglS,12.0,10.0,None,pupper,1011,2698,https://pbs.twimg.com/media/CX1ye7HUMAADDzh.jpg,malamute
683481228088049664,2016-01-03 02:53:17,Meet Banjo. He's a Peppercorn Shoop Da Whoop. Nails look lethal. Skeptical of luminescent orb 11/10 stay woke pupper https://t.co/H7NZFumpKq,11.0,10.0,Banjo,pupper,955,2567,https://pbs.twimg.com/media/CXw2jSpWMAAad6V.jpg,keeshond
683462770029932544,2016-01-03 01:39:57,"""Hello forest pupper I am house pupper welcome to my abode"" (8/10 for both) https://t.co/qFD8217fUT",8.0,10.0,None,pupper,645,2334,https://pbs.twimg.com/media/CXwlw9MWsAAc-JB.jpg,Italian_greyhound
683142553609318400,2016-01-02 04:27:31,Meet Brandy. She's a member of the Bloods. Menacing criminal pupper. Soft spot for flowers tho. 9/10 pet w caution https://t.co/hhIA3coiAJ,9.0,10.0,Brandy,pupper,992,2757,https://pbs.twimg.com/media/CXsChyjW8AQJ16C.jpg,Leonberg
683111407806746624,2016-01-02 02:23:45,This is Larry. He thought the New Year's parties were tonight. 10/10 poor pupper. Maybe next year https://t.co/h3X0jK8MVM,10.0,10.0,Larry,pupper,872,3268,https://pbs.twimg.com/media/CXrmMSpUwAAdeRj.jpg,cocker_spaniel
681891461017812993,2015-12-29 17:36:07,Say hello to Charlie. He's scholarly af. Quite intimidating with all his pupper knowledge 10/10 even built that fire https://t.co/9KThv6z8u5,10.0,10.0,Charlie,pupper,779,2376,https://pbs.twimg.com/media/CXaQqGbWMAAKEgN.jpg,Chihuahua
681694085539872773,2015-12-29 04:31:49,This is Bo. He's a Benedoop Cumbersnatch. Seems frustrated with own feet. Portable as hell. 11/10 very solid pupper https://t.co/TONMhRoQh7,11.0,10.0,Bo,pupper,3862,12311,https://pbs.twimg.com/media/CXXdJ7CVAAALu23.jpg,toy_poodle
681654059175129088,2015-12-29 01:52:46,This is Toffee. He's a happy pupper. Appears dangerously fluffy. Extraordinarily spherical. 12/10 would pet firmly https://t.co/oEXEKt3MHu,12.0,10.0,Toffee,pupper,866,2523,https://pbs.twimg.com/media/CXW4wGHWsAE_eBD.jpg,Pomeranian
681231109724700672,2015-12-27 21:52:07,I just love this pic. 11/10 this pupper is going places https://t.co/P16uhh1PbI,11.0,10.0,None,pupper,464,2318,https://pbs.twimg.com/media/CXQ4EwQWwAEVaUf.jpg,Irish_setter
680836378243002368,2015-12-26 19:43:36,This is Ellie. She's secretly ferocious. 12/10 very deadly pupper https://t.co/BF4BW8LUgb,12.0,10.0,Ellie,pupper,1257,3320,https://pbs.twimg.com/media/CXLREjOW8AElfk6.jpg,Pembroke
680473011644985345,2015-12-25 19:39:43,"This is Hector. He thinks he's a hammer. Silly Hector. You're a pupper, not a hammer. 10/10 https://t.co/OdUFuZIXiI",10.0,10.0,Hector,pupper,718,2443,https://pbs.twimg.com/media/CXGGlzvWYAArPfk.jpg,Lakeland_terrier
680191257256136705,2015-12-25 01:00:07,Here's a sleepy Christmas pupper 11/10 https://t.co/KXg0f8GNQ9,11.0,10.0,None,pupper,477,2073,https://pbs.twimg.com/media/CXCGVXyWsAAAVHE.jpg,Brittany_spaniel
680145970311643136,2015-12-24 22:00:10,Say hello to Kawhi. He was doing fine until his hat fell off. He got it back though. 10/10 deep breaths pupper https://t.co/N5pM6WBx7e,10.0,10.0,Kawhi,pupper,1662,3460,https://pbs.twimg.com/media/CXBdJxLUsAAWql2.jpg,miniature_poodle
680100725817409536,2015-12-24 19:00:23,This pupper is not coming inside until she catches a snowflake on her tongue. 11/10 the determination is palpable https://t.co/lvMYbmKq8H,11.0,10.0,None,pupper,1308,3448,https://pbs.twimg.com/media/CW-loUBWYAAn2Cb.jpg,golden_retriever
679828447187857408,2015-12-24 00:58:27,Everybody look at this beautiful pupper 13/10 https://t.co/hyAC5Hq9GC,13.0,10.0,None,pupper,13323,34680,https://pbs.twimg.com/media/CW88XN4WsAAlo8r.jpg,Chihuahua
679777920601223168,2015-12-23 21:37:40,This is Rinna. She's melting. 10/10 get inside pupper https://t.co/PA0czwucsb,10.0,10.0,Rinna,pupper,1042,2987,https://pbs.twimg.com/media/CW8OYajUMAAPRoF.jpg,bloodhound
678800283649069056,2015-12-21 04:52:53,Here's a pupper with some mean tan lines. Snazzy sweater though 12/10 https://t.co/DpCSVsl6vu,12.0,10.0,None,pupper,853,2457,https://pbs.twimg.com/media/CWuVQSLW4AAI3w9.jpg,Labrador_retriever
678389028614488064,2015-12-20 01:38:42,"This is Bella. She just learned that her final grade in chem was a 92.49 
poor pupper 11/10 https://t.co/auOoKuoveM",11.0,10.0,Bella,pupper,400,1773,https://pbs.twimg.com/media/CWofOHUWUAACGVa.jpg,miniature_pinscher
678341075375947776,2015-12-19 22:28:09,This pupper likes tape. 12/10 https://t.co/cSp6w5GWgm,12.0,10.0,None,pupper,506,1643,https://pbs.twimg.com/media/CWnznDTU4AAa-6P.jpg,golden_retriever
678278586130948096,2015-12-19 18:19:51,Another spooky pupper here. Most definitely floating. No legs. Probably knows some dark magic. 10/10 very spooked https://t.co/JK8MByRzgj,10.0,10.0,None,pupper,5772,10895,https://pbs.twimg.com/media/CWm6xySUEAAqfFU.jpg,Maltese_dog
677269281705472000,2015-12-16 23:29:14,This is the happiest pupper I've ever seen. 10/10 would trade lives with https://t.co/ep8ATEJwRb,10.0,10.0,None,pupper,668,1873,https://pbs.twimg.com/media/CWYk0WxWoAAEwRt.jpg,Shetland_sheepdog
676936541936185344,2015-12-16 01:27:03,Here we see a rare pouched pupper. Ample storage space. Looks alert. Jumps at random. Kicked open that door. 8/10 https://t.co/mqvaxleHRz,8.0,10.0,None,pupper,4668,12088,https://pbs.twimg.com/media/CWT2MUgWIAECWig.jpg,Chesapeake_Bay_retriever
676617503762681856,2015-12-15 04:19:18,I promise this wasn't meant to be a cuteness overload account but ermergerd look at this cozy pupper. 13/10 https://t.co/mpQl2rJjDh,13.0,10.0,None,pupper,898,2729,https://pbs.twimg.com/media/CWPUB9TWwAALPPx.jpg,Chihuahua
676603393314578432,2015-12-15 03:23:14,This is Godzilla pupper. He had a ruff childhood &amp; now deflects that pain outward by terrorizing cities. Tragic 9/10 https://t.co/g1tLGkyaxr,9.0,10.0,Godzilla,pupper,360,1100,https://pbs.twimg.com/media/CWPHMqKVAAAE78E.jpg,whippet
676470639084101634,2015-12-14 18:35:43,Three generations of pupper. 11/10 for all https://t.co/tAmQYvzrau,11.0,10.0,None,pupper,4394,11020,https://pbs.twimg.com/media/CWNOdIpWoAAWid2.jpg,golden_retriever
675898130735476737,2015-12-13 04:40:46,I'm sure you've all seen this pupper. Not prepared at all for the flying disc of terror. 10/10 https://t.co/G0pQiFGM7O,10.0,10.0,None,pupper,530,1525,https://pbs.twimg.com/media/CWFFt3_XIAArIYK.jpg,Labrador_retriever
675845657354215424,2015-12-13 01:12:15,"This is Pepper. She's not fully comfortable riding her imaginary bike yet. 10/10 don't worry pupper, it gets easier https://t.co/40dj4eTsXG",10.0,10.0,Pepper,pupper,818,2139,https://pbs.twimg.com/media/CWEWClfW4AAnqhG.jpg,pug
675740360753160193,2015-12-12 18:13:51,Here's a pupper licking in slow motion. 12/10 please enjoy https://t.co/AUJi8ujxw9,12.0,10.0,None,pupper,317,1110,https://pbs.twimg.com/ext_tw_video_thumb/675740268751138818/pu/img/dVaVeFAVT-lk_1ZV.jpg,golden_retriever
675334060156301312,2015-12-11 15:19:21,Good morning here's a grass pupper. 12/10 https://t.co/2d68FmWGGs,12.0,10.0,None,pupper,1202,2601,https://pbs.twimg.com/media/CV9EvZNUwAAgLCK.jpg,Pembroke
675006312288268288,2015-12-10 17:37:00,Say hello to Mollie. This pic was taken after she bet all her toys on Ronda Rousey. 10/10 hang in there pupper https://t.co/QMmAqA9VqO,10.0,10.0,Mollie,pupper,208,918,https://pbs.twimg.com/media/CV4aqCwWsAIi3OP.jpg,boxer
674774481756377088,2015-12-10 02:15:47,This is Superpup. His head isn't proportional to his body. Has yet to serve any justice. 11/10 maybe one day pupper https://t.co/gxIFgg8ktm,11.0,10.0,Superpup,pupper,435,1035,https://pbs.twimg.com/media/CV1HztsWoAAuZwo.jpg,Chihuahua
674737130913071104,2015-12-09 23:47:22,Meet Rufio. He is unaware of the pink legless pupper wrapped around him. Might want to get that checked 10/10 &amp; 4/10 https://t.co/KNfLnYPmYh,10.0,10.0,Rufio,pupper,81,607,https://pbs.twimg.com/media/CV0l10AU8AAfg-a.jpg,Pomeranian
674638615994089473,2015-12-09 17:15:54,This pupper is fed up with being tickled. 12/10 I'm currently working on an elaborate heist to steal this dog https://t.co/F33n1hy3LL,12.0,10.0,None,pupper,543,1580,https://pbs.twimg.com/media/CVzMPh1UsAELQ_p.jpg,Pomeranian
674447403907457024,2015-12-09 04:36:06,This pupper just wants a belly rub. This pupper has nothing to do w the tree being sideways now. 10/10 good pupper https://t.co/AyJ7Ohk71f,10.0,10.0,None,pupper,333,999,https://pbs.twimg.com/media/CVweVUfW4AACPwI.jpg,Brabancon_griffon
674262580978937856,2015-12-08 16:21:41,This is Gus. He's super stoked about being an elephant. Couldn't be happier. 9/10 for elephant pupper https://t.co/gJS1qU0jP7,9.0,10.0,Gus,pupper,417,1234,https://pbs.twimg.com/media/CVt2PawWIAEUkqW.jpg,Greater_Swiss_Mountain_dog
674038233588723717,2015-12-08 01:30:12,This is Kaiya. She's an aspiring shoe model. 12/10 follow your dreams pupper https://t.co/nX8FiGRHvk,12.0,10.0,Kaiya,pupper,394,1033,https://pbs.twimg.com/media/CVqqMtiVEAEye_L.jpg,Eskimo_dog
673956914389192708,2015-12-07 20:07:04,This is one esteemed pupper. Just graduated college. 10/10 what a champ https://t.co/nyReCVRiyd,10.0,10.0,None,pupper,882,1827,https://pbs.twimg.com/media/CVpgPGwWoAEV7gG.jpg,pug
673707060090052608,2015-12-07 03:34:14,This is Raymond. He's absolutely terrified of floating tennis ball. 10/10 it'll be ok pupper https://t.co/QyH1CaY3SM,10.0,10.0,Raymond,pupper,359,1036,https://pbs.twimg.com/media/CVl8_EPWoAAcuSC.jpg,German_short-haired_pointer
673656262056419329,2015-12-07 00:12:23,This is Albert AKA King Banana Peel. He's a kind ruler of the kitchen. Very jubilant pupper. 10/10 overall great dog https://t.co/PN8hxgZ9We,10.0,10.0,Albert,pupper,217,677,https://pbs.twimg.com/media/CVlOy3pW4AQ9H1K.jpg,bull_mastiff
673612854080196609,2015-12-06 21:19:54,This is Jeffri. He's a speckled ice pupper. Very lazy. Enjoys the occasional swim. Rather majestic really. 7/10 https://t.co/0iyItbtkr8,7.0,10.0,Jeffri,pupper,668,1499,https://pbs.twimg.com/media/CVknUTlVEAARjU5.jpg,Newfoundland
673295268553605120,2015-12-06 00:17:55,Meet Eve. She's a raging alcoholic 8/10 (would b 11/10 but pupper alcoholism is a tragic issue that I can't condone) https://t.co/U36HYQIijg,8.0,10.0,Eve,pupper,2909,7010,https://pbs.twimg.com/media/CVgGc9hWIAIe1bn.jpg,golden_retriever
672988786805112832,2015-12-05 04:00:04,This is Schnozz. He's had a blurred tail since birth. Hasn't let that stop him. 10/10 inspirational pupper https://t.co/a3zYMcvbXG,10.0,10.0,Schnozz,pupper,267,914,https://pbs.twimg.com/media/CVbvjKqW4AA_CuD.jpg,Lakeland_terrier
672975131468300288,2015-12-05 03:05:49,This is Chuckles. He is one skeptical pupper. 10/10 stay woke Chuckles https://t.co/ZlcF0TIRW1,10.0,10.0,Chuckles,pupper,827,1562,https://pbs.twimg.com/media/CVbjRSIWsAElw2s.jpg,pug
672622327801233409,2015-12-04 03:43:54,This lil pupper is sad because we haven't found Kony yet. RT to spread awareness. 12/10 would pet firmly https://t.co/Cv7dRdcMvQ,12.0,10.0,None,pupper,442,1201,https://pbs.twimg.com/media/CVWicBbUYAIomjC.jpg,golden_retriever
672594978741354496,2015-12-04 01:55:13,Meet Scott. Just trying to catch his train to work. Doesn't need everybody staring. 9/10 ignore the haters pupper https://t.co/jyXbZ35MYz,9.0,10.0,Scott,pupper,564,1239,https://pbs.twimg.com/media/CVWJkJXWsAInlZl.jpg,Great_Pyrenees
672481316919734272,2015-12-03 18:23:34,Say hello to Jazz. She should be on the cover of Vogue. 12/10 gorgeous pupper https://t.co/mVCMemhXAP,12.0,10.0,Jazz,pupper,120,672,https://pbs.twimg.com/media/CVUiMUeW4AEQgkU.jpg,Border_collie
672254177670729728,2015-12-03 03:21:00,This is Rolf. He's having the time of his life. 11/10 good pupper https://t.co/OO6MqEbqG3,11.0,10.0,Rolf,pupper,682,1332,https://pbs.twimg.com/media/CVRTmz1WcAA4uMF.jpg,pug
672160042234327040,2015-12-02 21:06:56,This is Bubba. He's a Titted Peebles Aorta. Evolutionary masterpiece. Comfortable with his body. 8/10 great pupper https://t.co/aNkkl5nH3W,8.0,10.0,Bubba,pupper,328,819,https://pbs.twimg.com/media/CVP9_beUEAAwURR.jpg,pug
